-- phpMyAdmin SQL Dump
-- version 5.2.1
-- https://www.phpmyadmin.net/
--
-- Anamakine: 127.0.0.1:3306
-- Üretim Zamanı: 10 Oca 2025, 21:41:41
-- Sunucu sürümü: 8.3.0
-- PHP Sürümü: 8.2.18

SET SQL_MODE = "NO_AUTO_VALUE_ON_ZERO";
START TRANSACTION;
SET time_zone = "+00:00";


/*!40101 SET @OLD_CHARACTER_SET_CLIENT=@@CHARACTER_SET_CLIENT */;
/*!40101 SET @OLD_CHARACTER_SET_RESULTS=@@CHARACTER_SET_RESULTS */;
/*!40101 SET @OLD_COLLATION_CONNECTION=@@COLLATION_CONNECTION */;
/*!40101 SET NAMES utf8mb4 */;

--
-- Veritabanı: `oyun_kds`
--

-- --------------------------------------------------------

--
-- Tablo için tablo yapısı `dil`
--

DROP TABLE IF EXISTS `dil`;
CREATE TABLE IF NOT EXISTS `dil` (
  `dil_id` int NOT NULL,
  `dil_ad` varchar(255) COLLATE utf8mb3_turkish_ci NOT NULL,
  `nufus_m` int NOT NULL,
  `nufus_konusan_m` int NOT NULL,
  PRIMARY KEY (`dil_id`)
) ENGINE=InnoDB DEFAULT CHARSET=utf8mb3 COLLATE=utf8mb3_turkish_ci;

--
-- Tablo döküm verisi `dil`
--

INSERT INTO `dil` (`dil_id`, `dil_ad`, `nufus_m`, `nufus_konusan_m`) VALUES
(1, 'ingilizce', 400, 1200),
(2, 'japonca', 130, 132),
(3, 'basit çince', 950, 1300),
(4, 'almanca', 100, 135),
(5, 'fransızca', 90, 321),
(6, 'rusça', 160, 258),
(7, 'ispanyolca-ispanya', 48, 500),
(8, 'italyanca', 70, 85),
(9, 'portekizce-brezilya', 220, 230),
(10, 'geleneksel çince', 40, 70),
(11, 'korece', 80, 85),
(12, 'lehçe', 50, 54),
(13, 'ispanyolca-latin amerika', 400, 420),
(14, 'portekizce-portekiz', 10, 11),
(15, 'türkçe', 80, 90),
(16, 'ukraynaca', 30, 40),
(17, 'çekçe', 11, 12),
(18, 'arapça', 320, 400),
(19, 'isveççe', 11, 12),
(20, 'danca', 6, 7),
(21, 'norveççe', 6, 7),
(22, 'fince', 5, 6),
(23, 'tayca', 70, 75),
(24, 'macarca', 10, 12);

-- --------------------------------------------------------

--
-- Tablo için tablo yapısı `kullaniciler`
--

DROP TABLE IF EXISTS `kullaniciler`;
CREATE TABLE IF NOT EXISTS `kullaniciler` (
  `kullanici_adi` varchar(50) COLLATE utf8mb3_turkish_ci NOT NULL,
  `sifre` varchar(15) COLLATE utf8mb3_turkish_ci NOT NULL,
  `isim` varchar(20) COLLATE utf8mb3_turkish_ci NOT NULL,
  `soyisim` varchar(20) COLLATE utf8mb3_turkish_ci NOT NULL,
  PRIMARY KEY (`kullanici_adi`)
) ENGINE=InnoDB DEFAULT CHARSET=utf8mb3 COLLATE=utf8mb3_turkish_ci;

--
-- Tablo döküm verisi `kullaniciler`
--

INSERT INTO `kullaniciler` (`kullanici_adi`, `sifre`, `isim`, `soyisim`) VALUES
('admin', '1234', 'ekrem', 'toker'),
('yusuf', '12345', 'yusuf', 'yılmaz');

-- --------------------------------------------------------

--
-- Tablo için tablo yapısı `oyunlar`
--

DROP TABLE IF EXISTS `oyunlar`;
CREATE TABLE IF NOT EXISTS `oyunlar` (
  `oyun_id` int NOT NULL,
  `oyun_ad` varchar(255) COLLATE utf8mb3_turkish_ci NOT NULL,
  `oyun_fiyat` float NOT NULL,
  `begenme_orani` float NOT NULL,
  `cikis_yili` int NOT NULL,
  `takipci_sayisi` int NOT NULL,
  `firma_mensei` int NOT NULL,
  PRIMARY KEY (`oyun_id`),
  KEY `firma_mensei` (`firma_mensei`)
) ENGINE=InnoDB DEFAULT CHARSET=utf8mb3 COLLATE=utf8mb3_turkish_ci;

--
-- Tablo döküm verisi `oyunlar`
--

INSERT INTO `oyunlar` (`oyun_id`, `oyun_ad`, `oyun_fiyat`, `begenme_orani`, `cikis_yili`, `takipci_sayisi`, `firma_mensei`) VALUES
(1, 'Stardew Valley', 5.99, 97.52, 2017, 868, 4),
(2, 'People Playground', 5.79, 97.47, 2019, 86, 1),
(3, 'Vampire Survivors', 3.49, 97.32, 2022, 120, 9),
(4, 'Hades', 8.25, 97.18, 2020, 288, 11),
(5, 'RimWorld', 17.99, 96.76, 2018, 574, 7),
(6, 'The Henry Stickmin Collection', 6.99, 96.75, 2020, 49, 1),
(7, 'Pizza Tower', 10.49, 96.67, 2023, 50, 2),
(8, 'A Short Hike', 2.91, 96.6, 2019, 19, 13),
(9, 'Slay the Spire', 11.49, 96.56, 2019, 218, 16),
(10, 'Slime Rancher', 8.99, 96.54, 2017, 246, 19),
(11, 'Totally Accurate Battle Simulator', 8.99, 96.45, 2021, 340, 14),
(12, 'OneShot', 5.79, 96.4, 2016, 69, 8),
(13, 'VPet-Simulator', 0, 96.35, 2023, 43, 10),
(14, 'Helltaker', 0, 96.35, 2020, 93, 1),
(15, 'Katana ZERO', 7.99, 96.34, 2019, 94, 7),
(16, 'Bloons TD 6', 7.79, 96.27, 2018, 85, 20),
(17, 'Hollow Knight', 5.99, 96.11, 2017, 374, 11),
(18, 'Dyson Sphere Program', 17.99, 96.07, 2021, 238, 11),
(19, 'A Hat in Time', 14.99, 96.03, 2017, 93, 3),
(20, 'Celeste', 10.49, 96.03, 2018, 102, 3),
(21, 'Rhythm Doctor', 7.64, 95.98, 2021, 39, 15),
(22, 'Stray', 14.99, 95.96, 2022, 353, 14),
(23, 'Our Life: Beginnings & Always', 0, 95.95, 2020, 22, 1),
(24, 'Firework', 4.99, 95.95, 2021, 33, 3),
(25, 'The Room 4: Old Sins', 4.99, 95.92, 2021, 13, 9),
(26, 'Subnautica', 14.99, 95.87, 2018, 603, 4),
(27, 'Grimm\'s Hollow', 0, 95.86, 2019, 13, 13),
(28, 'Dead Cells', 12.49, 95.86, 2018, 377, 2),
(29, 'Chants of Sennaar', 13.99, 95.81, 2023, 29, 8),
(30, 'Volcano Princess', 10.99, 95.8, 2023, 60, 3),
(31, 'OMORI', 19.99, 95.76, 2020, 93, 2),
(32, 'DAVE THE DIVER', 12.99, 95.75, 2023, 190, 10),
(33, 'Neon White', 12.99, 95.64, 2022, 32, 14),
(34, 'Satisfactory', 18.99, 95.63, 2024, 360, 10),
(35, 'Factorio', 17, 95.63, 2020, 382, 7),
(36, 'WEBFISHING', 2.99, 95.6, 2024, 18, 1),
(37, 'Undertale', 2.99, 95.56, 2015, 358, 6),
(38, 'There Is No Game: Wrong Dimension', 7.29, 95.45, 2020, 27, 1),
(39, 'Bomb Rush Cyberfunk', 12.99, 95.43, 2023, 45, 17),
(40, 'Baba Is You', 7.99, 95.4, 2019, 41, 3),
(41, 'Oxygen Not Included', 7.99, 95.38, 2019, 385, 6),
(42, 'SANABI', 14.38, 95.32, 2023, 25, 5),
(43, 'Doki Doki Literature Club!', 0, 95.31, 2017, 156, 5),
(44, 'The Room Two', 2.99, 95.28, 2016, 18, 4),
(45, 'Ravenfield', 9.29, 95.27, 2017, 118, 4),
(46, 'Ori and the Will of the Wisps', 29.99, 95.26, 2020, 192, 4),
(47, 'Wobbledogs', 8.99, 95.24, 2022, 13, 4),
(48, 'Before Your Eyes', 5.79, 95.24, 2021, 17, 8),
(49, 'Broforce', 7.99, 95.24, 2015, 113, 2),
(50, 'Iron Snout', 0, 95.22, 2016, 16, 1),
(51, 'INSIDE', 10.49, 95.2, 2016, 172, 1),
(52, 'Just Shapes & Beats', 8.99, 95.18, 2018, 32, 5),
(53, 'Cookie Clicker', 2.99, 95.15, 2021, 22, 7),
(54, 'Gorogoa', 8.29, 95.08, 2017, 41, 15),
(55, 'Cuphead', 19.99, 95.08, 2017, 323, 6),
(56, 'Phasmophobia', 10.49, 95.07, 2020, 395, 6),
(57, 'Keep Talking and Nobody Explodes', 7.99, 95.05, 2015, 114, 6),
(58, 'Kind Words (lo fi chill beats to write to)', 2.99, 95.03, 2019, 16, 6),
(59, 'PowerWash Simulator', 19.99, 95.02, 2022, 75, 7),
(60, 'Blade and Sorcery', 14.99, 95, 2024, 79, 8),
(61, 'Tactical Breach Wizards', 10.49, 94.97, 2024, 45, 1),
(62, 'CULTIC', 5.79, 94.97, 2022, 16, 2),
(63, 'Touhou Luna Nights', 9.29, 94.97, 2019, 50, 2),
(64, 'Epic Battle Fantasy 5', 24.99, 94.96, 2018, 19, 2),
(65, 'Life is Strange - Episode 1', 0, 94.95, 2015, 258, 2),
(66, 'GRIS', 7.99, 94.94, 2018, 129, 10),
(67, 'Webbed', 5.79, 94.93, 2021, 27, 10),
(68, 'Trombone Champ', 7.99, 94.9, 2022, 14, 10),
(69, 'Virtual Cottage', 0, 94.82, 2020, 13, 9),
(70, 'Sally Face - Episode One', 1.99, 94.8, 2016, 42, 7),
(71, 'Murders on the Yangtze River', 7.99, 94.78, 2024, 19, 3),
(72, 'The Last Campfire', 14.99, 94.77, 2021, 20, 11),
(73, 'Lost in Play', 7.99, 94.76, 2022, 15, 2),
(74, 'West of Loathing', 10.99, 94.74, 2017, 34, 1),
(75, 'Don\'t Starve Together', 6.59, 94.74, 2016, 687, 2),
(76, 'Eternal Senia', 0, 94.73, 2015, 34, 2),
(77, 'Hot Dogs, Horseshoes & Hand Grenades', 19.99, 94.73, 2016, 28, 1),
(78, 'Crime Scene Cleaner', 8.99, 94.72, 2024, 46, 17),
(79, 'Fran Bow', 14.99, 94.72, 2015, 45, 6),
(80, 'Clone Drone in the Danger Zone', 19.99, 94.72, 2021, 31, 14),
(81, 'Wobbly Life', 9.99, 94.69, 2020, 30, 12),
(82, 'The Forest', 10.49, 94.66, 2018, 756, 5),
(83, 'Milk outside a bag of milk outside a bag of milk', 4.99, 94.65, 2021, 19, 15),
(84, 'Duck Game', 7.29, 94.64, 2015, 57, 1),
(85, 'Return of the Obra Dinn', 10.49, 94.63, 2018, 74, 16),
(86, 'Doki Doki Literature Club Plus!', 11.24, 94.6, 2021, 65, 13),
(87, 'Mirror', 1.99, 94.51, 2018, 149, 2),
(88, 'Alba: A Wildlife Adventure', 2.24, 94.41, 2020, 13, 1),
(89, 'Far Away', 12.99, 94.4, 2021, 17, 15),
(90, 'Dorfromantik', 12.97, 94.4, 2022, 71, 3),
(91, 'NEKOPARA Vol. 2', 5.79, 94.38, 2016, 52, 3),
(92, 'Cube Escape: Paradox', 0, 94.35, 2018, 18, 15),
(93, 'NEKOPARA Vol. 4', 5.79, 94.31, 2020, 35, 3),
(94, 'Stacklands', 7.99, 94.31, 2022, 40, 9),
(95, 'Tiny Bunny', 12.99, 94.25, 2021, 25, 2),
(96, 'NEKOPARA Vol. 3', 5.79, 94.23, 2020, 53, 10),
(97, 'Unheard - Voices of Crime', 1.59, 94.22, 2022, 76, 2),
(98, 'Enter the Gungeon', 7.99, 94.16, 2016, 158, 3),
(99, 'Tiny Glade', 7.19, 94.15, 2024, 144, 12),
(100, 'Shadow Tactics: Blades of the Shogun', 19.99, 94.15, 2016, 169, 11),
(101, 'Thronefall', 7.29, 94.14, 2024, 73, 7),
(102, 'Universe Sandbox', 14.99, 94.13, 2015, 166, 9),
(103, 'Outer Wilds', 12.99, 94.13, 2020, 149, 15),
(104, 'Mouthwashing', 7.29, 94.11, 2024, 16, 1),
(105, 'Teardown', 19.99, 94.11, 2022, 195, 7),
(106, 'Beat Saber', 14.99, 94.09, 2019, 157, 6),
(107, 'Desperados III', 18.99, 94.05, 2020, 79, 3),
(108, 'SOMA', 29.99, 94.05, 2015, 125, 3),
(109, 'HuniePop', 5.79, 94.02, 2015, 49, 2),
(110, 'Opus Magnum', 10.49, 93.98, 2017, 31, 13),
(111, 'Find Love or Die Trying', 2.99, 93.98, 2021, 16, 15),
(112, 'Dungeon Munchies', 19.99, 93.95, 2022, 23, 11),
(113, 'Black Mesa', 10.49, 93.95, 2020, 252, 1),
(114, 'Kenshi', 5.99, 93.91, 2018, 271, 1),
(115, 'Tiny Rogues', 4.99, 93.89, 2022, 12, 6),
(116, 'Fox Hime Zero', 1.99, 93.88, 2018, 12, 4),
(117, 'Portal Stories: Mel', 0, 93.88, 2015, 60, 8),
(118, 'DREDGE', 8.39, 93.87, 2023, 120, 5),
(119, 'What Remains of Edith Finch', 10.59, 93.85, 2017, 104, 5),
(120, 'Streets of Rogue', 10.49, 93.83, 2019, 96, 5),
(121, 'Rivals of Aether', 14.99, 93.82, 2017, 59, 2),
(122, 'Kingdom Rush Frontiers - Tower Defense', 9.99, 93.78, 2016, 21, 7),
(123, 'Kerbal Space Program', 39.99, 93.78, 2015, 284, 7),
(124, 'Being a DIK - Season 1', 13.99, 93.75, 2020, 54, 1),
(125, 'Car Mechanic Simulator 2021', 12.49, 93.75, 2021, 76, 7),
(126, 'Nuclear Throne', 11.99, 93.74, 2015, 53, 7),
(127, 'Living With Sister: Monochrome Fantasy', 1, 93.73, 2024, 35, 1),
(128, 'Sayonara Wild Hearts', 7.29, 93.73, 2019, 13, 1),
(129, 'Mini Motorways', 5.79, 93.73, 2021, 35, 4),
(130, 'Ori and the Blind Forest: Definitive Edition', 19.99, 93.73, 2016, 121, 5),
(131, 'shapez', 5.79, 93.7, 2020, 18, 24),
(132, 'Paint the Town Red', 10.49, 93.7, 2021, 55, 23),
(133, 'Spiritfarer®: Farewell Edition', 29.99, 93.66, 2020, 108, 7),
(134, 'Hidden Folks', 14.99, 93.65, 2017, 30, 3),
(135, 'Mini Metro', 5.79, 93.65, 2015, 53, 22),
(136, 'Noita', 19.99, 93.65, 2020, 170, 12),
(137, '5D Chess With Multiverse Time Travel', 11.99, 93.64, 2020, 20, 1),
(138, 'My Friend Pedro', 10.49, 93.64, 2019, 81, 10),
(139, 'Downwell', 1.99, 93.61, 2015, 16, 9),
(140, 'Mad Father', 5.79, 93.6, 2016, 18, 3),
(141, 'Superflight', 1.99, 93.6, 2017, 14, 1),
(142, 'The Jackbox Party Pack 3', 12.49, 93.59, 2016, 17, 13),
(143, 'Carto', 19.99, 93.58, 2020, 21, 1),
(144, 'missed messages.', 0, 93.58, 2019, 13, 14),
(145, 'Human Fall Flat', 10.49, 93.58, 2016, 559, 10),
(146, 'OPUS: Echo of Starsong - Full Bloom Edition', 6.24, 93.57, 2021, 28, 3),
(147, 'Rusty\'s Retirement', 3.99, 93.56, 2024, 22, 1),
(148, 'HROT', 10.49, 93.55, 2023, 16, 17),
(149, 'Lethal League Blaze', 10.49, 93.55, 2018, 22, 1),
(150, 'Valheim', 19.99, 93.53, 2021, 487, 16);

-- --------------------------------------------------------

--
-- Tablo için tablo yapısı `oyun_dil`
--

DROP TABLE IF EXISTS `oyun_dil`;
CREATE TABLE IF NOT EXISTS `oyun_dil` (
  `oyun_id` int NOT NULL,
  `dil_id` int NOT NULL,
  KEY `dil_id` (`oyun_id`) USING BTREE,
  KEY `oyun_id` (`dil_id`) USING BTREE
) ENGINE=InnoDB DEFAULT CHARSET=utf8mb3 COLLATE=utf8mb3_turkish_ci;

--
-- Tablo döküm verisi `oyun_dil`
--

INSERT INTO `oyun_dil` (`oyun_id`, `dil_id`) VALUES
(1, 15),
(1, 1),
(1, 4),
(1, 7),
(1, 2),
(1, 9),
(1, 6),
(1, 10),
(1, 5),
(1, 8),
(1, 24),
(1, 11),
(2, 1),
(3, 1),
(3, 15),
(3, 5),
(3, 8),
(3, 4),
(3, 7),
(3, 2),
(3, 11),
(3, 12),
(3, 9),
(3, 6),
(3, 10),
(3, 16),
(4, 1),
(4, 8),
(4, 5),
(4, 4),
(4, 7),
(4, 11),
(4, 9),
(4, 6),
(4, 3),
(4, 12),
(4, 2),
(5, 1),
(5, 2),
(5, 3),
(5, 4),
(5, 5),
(5, 6),
(5, 7),
(5, 8),
(5, 9),
(5, 10),
(5, 11),
(5, 12),
(5, 13),
(5, 14),
(5, 15),
(5, 16),
(5, 17),
(5, 18),
(5, 19),
(5, 20),
(5, 21),
(5, 22),
(5, 23),
(5, 24),
(6, 1),
(7, 1),
(7, 5),
(7, 8),
(7, 4),
(7, 7),
(7, 2),
(7, 11),
(7, 9),
(7, 6),
(7, 3),
(7, 7),
(7, 10),
(8, 1),
(8, 5),
(8, 13),
(8, 2),
(8, 9),
(9, 15),
(9, 1),
(9, 3),
(9, 5),
(9, 4),
(9, 11),
(9, 6),
(9, 2),
(9, 12),
(9, 16),
(9, 7),
(9, 8),
(9, 10),
(9, 23),
(9, 9),
(10, 1),
(10, 5),
(10, 4),
(10, 6),
(10, 19),
(10, 3),
(10, 2),
(10, 9),
(10, 11),
(10, 7),
(11, 1),
(11, 5),
(11, 8),
(11, 4),
(11, 7),
(11, 2),
(11, 3),
(11, 14),
(11, 6),
(12, 1),
(12, 2),
(12, 5),
(12, 7),
(12, 9),
(12, 11),
(12, 3),
(12, 8),
(12, 6),
(13, 3),
(13, 10),
(13, 1),
(14, 1),
(15, 1),
(15, 5),
(15, 4),
(15, 7),
(15, 2),
(15, 11),
(15, 9),
(15, 6),
(15, 3),
(15, 10),
(16, 1),
(16, 2),
(16, 3),
(16, 4),
(16, 5),
(16, 6),
(16, 7),
(16, 8),
(16, 9),
(16, 10),
(16, 11),
(16, 12),
(16, 13),
(16, 14),
(16, 15),
(16, 16),
(16, 17),
(16, 18),
(16, 19),
(16, 20),
(16, 21),
(16, 22),
(16, 23),
(17, 1),
(17, 5),
(17, 4),
(17, 7),
(17, 11),
(17, 3),
(17, 8),
(17, 9),
(17, 6),
(17, 2),
(18, 3),
(18, 1),
(19, 1),
(19, 4),
(19, 11),
(19, 5),
(19, 3),
(19, 10),
(19, 8),
(19, 2),
(19, 14),
(19, 9),
(19, 13),
(20, 1),
(20, 5),
(20, 8),
(20, 4),
(20, 7),
(20, 2),
(20, 9),
(20, 6),
(20, 3),
(21, 1),
(21, 3),
(21, 10),
(21, 11),
(21, 13),
(21, 9),
(21, 2),
(22, 15),
(22, 1),
(22, 5),
(22, 8),
(22, 4),
(22, 7),
(22, 2),
(22, 11),
(22, 12),
(22, 9),
(22, 6),
(22, 3),
(22, 13),
(22, 10),
(22, 14),
(23, 1),
(24, 1),
(24, 3),
(25, 15),
(25, 1),
(25, 5),
(25, 8),
(25, 4),
(25, 7),
(25, 9),
(25, 6),
(26, 1),
(26, 2),
(26, 3),
(26, 4),
(26, 5),
(26, 6),
(26, 7),
(26, 8),
(26, 9),
(26, 10),
(26, 11),
(26, 12),
(26, 13),
(26, 14),
(26, 15),
(26, 16),
(26, 17),
(26, 18),
(26, 19),
(26, 20),
(26, 21),
(26, 22),
(26, 23),
(26, 24),
(27, 1),
(27, 6),
(27, 9),
(27, 13),
(27, 2),
(27, 3),
(27, 7),
(28, 15),
(28, 1),
(28, 5),
(28, 3),
(28, 8),
(28, 4),
(28, 7),
(28, 2),
(28, 14),
(28, 6),
(28, 11),
(28, 10),
(28, 9),
(29, 1),
(29, 5),
(29, 8),
(29, 4),
(29, 7),
(29, 17),
(29, 2),
(29, 11),
(29, 12),
(29, 9),
(29, 6),
(29, 3),
(29, 13),
(29, 10),
(30, 3),
(30, 1),
(30, 2),
(31, 1),
(31, 2),
(31, 3),
(31, 11),
(32, 1),
(32, 11),
(32, 2),
(32, 3),
(32, 4),
(32, 7),
(32, 10),
(32, 5),
(32, 9),
(32, 8),
(32, 6),
(33, 15),
(33, 1),
(33, 5),
(33, 8),
(33, 4),
(33, 7),
(33, 2),
(33, 11),
(33, 12),
(33, 14),
(33, 9),
(33, 6),
(33, 3),
(33, 13),
(33, 3),
(34, 1),
(34, 5),
(34, 8),
(34, 4),
(34, 7),
(34, 2),
(34, 11),
(34, 12),
(34, 9),
(34, 6),
(34, 3),
(34, 10),
(35, 1),
(35, 2),
(35, 3),
(35, 4),
(35, 5),
(35, 6),
(35, 7),
(35, 8),
(35, 9),
(35, 10),
(35, 11),
(35, 12),
(35, 13),
(35, 14),
(35, 15),
(35, 16),
(35, 17),
(35, 18),
(35, 19),
(35, 20),
(35, 21),
(35, 22),
(35, 23),
(35, 24),
(36, 1),
(37, 1),
(37, 2),
(38, 1),
(38, 5),
(38, 7),
(38, 9),
(38, 4),
(38, 3),
(38, 8),
(38, 6),
(38, 11),
(38, 2),
(39, 1),
(39, 5),
(39, 8),
(39, 4),
(39, 7),
(39, 2),
(39, 9),
(39, 6),
(40, 15),
(40, 1),
(40, 7),
(40, 11),
(40, 21),
(40, 23),
(40, 5),
(40, 8),
(40, 12),
(40, 2),
(40, 14),
(40, 9),
(40, 4),
(40, 17),
(40, 3),
(41, 1),
(41, 3),
(41, 11),
(41, 6),
(42, 1),
(42, 11),
(42, 3),
(42, 6),
(42, 9),
(42, 2),
(42, 10),
(42, 5),
(42, 4),
(43, 1),
(43, 5),
(43, 8),
(43, 4),
(43, 7),
(43, 9),
(43, 6),
(43, 3),
(43, 13),
(43, 10),
(43, 11),
(43, 2),
(44, 1),
(44, 5),
(44, 8),
(44, 4),
(44, 7),
(44, 9),
(45, 1),
(46, 15),
(46, 1),
(46, 5),
(46, 8),
(46, 4),
(46, 7),
(46, 17),
(46, 20),
(46, 22),
(46, 24),
(46, 2),
(46, 11),
(46, 21),
(46, 12),
(46, 9),
(46, 6),
(46, 3),
(46, 13),
(46, 19),
(46, 10),
(47, 1),
(47, 5),
(47, 8),
(47, 4),
(47, 7),
(47, 2),
(47, 11),
(47, 6),
(47, 3),
(47, 10),
(48, 1),
(48, 5),
(48, 4),
(48, 7),
(48, 2),
(48, 11),
(48, 3),
(48, 10),
(49, 1),
(49, 5),
(49, 8),
(49, 4),
(49, 7),
(49, 2),
(49, 11),
(49, 7),
(49, 3),
(50, 1),
(51, 15),
(51, 1),
(51, 5),
(51, 8),
(51, 4),
(51, 7),
(51, 2),
(51, 11),
(51, 12),
(51, 14),
(51, 9),
(51, 6),
(51, 3),
(51, 10),
(52, 1),
(52, 5),
(52, 2),
(52, 11),
(52, 4),
(52, 6),
(52, 3),
(52, 10),
(52, 8),
(52, 7),
(52, 13),
(52, 12),
(52, 14),
(52, 9),
(53, 1),
(53, 5),
(53, 8),
(53, 4),
(53, 7),
(53, 17),
(53, 2),
(53, 12),
(53, 9),
(53, 6),
(53, 3),
(53, 11),
(53, 14),
(53, 13),
(54, 15),
(54, 1),
(54, 5),
(54, 4),
(54, 7),
(54, 2),
(54, 12),
(54, 9),
(54, 6),
(54, 3),
(54, 8),
(54, 11),
(54, 18),
(54, 19),
(54, 23),
(54, 10),
(55, 1),
(55, 5),
(55, 8),
(55, 4),
(55, 7),
(55, 2),
(55, 11),
(55, 12),
(55, 9),
(55, 6),
(55, 3),
(55, 13),
(56, 1),
(56, 2),
(56, 3),
(56, 4),
(56, 5),
(56, 6),
(56, 7),
(56, 8),
(56, 9),
(56, 10),
(56, 11),
(56, 12),
(56, 13),
(56, 14),
(56, 15),
(56, 16),
(56, 17),
(56, 18),
(56, 19),
(56, 20),
(56, 21),
(56, 22),
(56, 23),
(56, 24),
(57, 1),
(57, 2),
(57, 3),
(57, 4),
(57, 5),
(57, 6),
(57, 7),
(57, 8),
(57, 9),
(57, 10),
(57, 11),
(57, 12),
(57, 13),
(57, 14),
(57, 15),
(57, 16),
(57, 17),
(57, 18),
(57, 19),
(57, 20),
(57, 21),
(57, 22),
(57, 23),
(57, 24),
(58, 1),
(59, 15),
(59, 1),
(59, 11),
(59, 6),
(59, 5),
(59, 4),
(59, 7),
(59, 2),
(59, 3),
(59, 10),
(59, 8),
(59, 9),
(60, 1),
(60, 5),
(60, 8),
(60, 4),
(60, 7),
(60, 2),
(60, 9),
(60, 3),
(60, 23),
(60, 10),
(61, 1),
(62, 1),
(63, 1),
(63, 3),
(63, 2),
(63, 11),
(63, 5),
(63, 4),
(64, 1),
(64, 5),
(64, 4),
(64, 9),
(64, 2),
(64, 11),
(64, 12),
(64, 6),
(64, 3),
(64, 13),
(64, 10),
(64, 7),
(65, 1),
(65, 5),
(65, 8),
(65, 4),
(65, 7),
(65, 9),
(66, 1),
(66, 5),
(66, 4),
(66, 7),
(66, 2),
(66, 11),
(66, 6),
(66, 3),
(66, 10),
(66, 9),
(67, 1),
(67, 5),
(67, 8),
(67, 4),
(67, 7),
(67, 2),
(67, 9),
(67, 6),
(67, 10),
(68, 1),
(68, 5),
(68, 8),
(68, 4),
(68, 7),
(68, 2),
(68, 11),
(68, 3),
(68, 10),
(68, 9),
(69, 1),
(70, 1),
(70, 6),
(70, 8),
(70, 4),
(70, 3),
(70, 9),
(70, 5),
(70, 7),
(71, 3),
(71, 1),
(71, 10),
(72, 15),
(72, 1),
(72, 5),
(72, 8),
(72, 4),
(72, 7),
(72, 18),
(72, 2),
(72, 11),
(72, 9),
(72, 6),
(72, 3),
(72, 10),
(73, 1),
(73, 2),
(73, 3),
(73, 4),
(73, 5),
(73, 6),
(73, 7),
(73, 8),
(73, 9),
(73, 10),
(73, 11),
(73, 12),
(73, 13),
(73, 14),
(73, 15),
(73, 16),
(73, 17),
(73, 18),
(73, 19),
(73, 20),
(73, 21),
(73, 22),
(73, 23),
(73, 24),
(74, 1),
(75, 1),
(75, 3),
(75, 5),
(75, 8),
(75, 4),
(75, 2),
(75, 11),
(75, 12),
(75, 14),
(75, 6),
(75, 13),
(75, 10),
(76, 1),
(76, 2),
(76, 3),
(77, 1),
(78, 15),
(78, 1),
(78, 5),
(78, 8),
(78, 4),
(78, 7),
(78, 3),
(78, 12),
(78, 6),
(78, 9),
(78, 2),
(78, 11),
(78, 17),
(78, 14),
(79, 1),
(79, 4),
(79, 7),
(79, 6),
(79, 5),
(79, 9),
(80, 1),
(80, 5),
(80, 8),
(80, 4),
(80, 7),
(80, 9),
(80, 6),
(80, 3),
(80, 14),
(80, 11),
(80, 2),
(80, 10),
(81, 1),
(81, 5),
(81, 4),
(81, 7),
(81, 11),
(81, 2),
(81, 12),
(81, 9),
(81, 14),
(81, 6),
(81, 3),
(81, 10),
(82, 15),
(82, 1),
(82, 5),
(82, 4),
(82, 12),
(82, 2),
(82, 11),
(82, 17),
(82, 9),
(82, 6),
(82, 3),
(82, 8),
(82, 10),
(82, 7),
(83, 15),
(83, 6),
(83, 1),
(83, 3),
(83, 7),
(83, 12),
(83, 9),
(83, 11),
(83, 2),
(84, 1),
(85, 1),
(85, 5),
(85, 8),
(85, 4),
(85, 7),
(85, 2),
(85, 12),
(85, 9),
(85, 6),
(85, 11),
(85, 3),
(85, 10),
(85, 18),
(85, 16),
(86, 1),
(86, 5),
(86, 8),
(86, 4),
(86, 7),
(86, 9),
(86, 6),
(86, 3),
(86, 10),
(86, 13),
(86, 11),
(86, 2),
(87, 1),
(87, 2),
(88, 15),
(88, 1),
(88, 5),
(88, 8),
(88, 4),
(88, 7),
(88, 18),
(88, 2),
(88, 14),
(88, 6),
(88, 3),
(88, 10),
(88, 11),
(89, 3),
(90, 1),
(90, 2),
(90, 3),
(90, 4),
(90, 5),
(90, 6),
(90, 7),
(90, 8),
(90, 9),
(90, 10),
(90, 11),
(90, 12),
(90, 13),
(90, 14),
(90, 15),
(90, 16),
(90, 17),
(90, 18),
(90, 19),
(90, 20),
(90, 21),
(90, 22),
(90, 23),
(90, 24),
(91, 1),
(91, 2),
(91, 3),
(92, 15),
(92, 1),
(92, 5),
(92, 8),
(92, 4),
(92, 7),
(92, 9),
(92, 3),
(92, 2),
(92, 11),
(92, 12),
(92, 6),
(92, 20),
(93, 1),
(93, 2),
(93, 3),
(94, 1),
(94, 5),
(94, 8),
(94, 4),
(94, 7),
(94, 2),
(94, 11),
(94, 12),
(94, 9),
(94, 3),
(94, 10),
(95, 15),
(95, 1),
(95, 6),
(95, 3),
(95, 8),
(96, 1),
(96, 2),
(96, 3),
(97, 1),
(97, 3),
(97, 10),
(97, 2),
(98, 1),
(98, 5),
(98, 8),
(98, 4),
(98, 7),
(98, 2),
(98, 11),
(98, 12),
(98, 9),
(98, 6),
(98, 3),
(99, 15),
(99, 1),
(99, 5),
(99, 4),
(99, 7),
(99, 2),
(99, 21),
(99, 12),
(99, 9),
(99, 6),
(99, 19),
(99, 3),
(99, 16),
(99, 8),
(99, 11),
(100, 15),
(100, 1),
(100, 5),
(100, 4),
(100, 7),
(100, 2),
(100, 12),
(100, 6),
(100, 11),
(100, 3),
(100, 9),
(100, 8),
(100, 10),
(101, 15),
(101, 1),
(101, 5),
(101, 4),
(101, 7),
(101, 11),
(101, 12),
(101, 9),
(101, 6),
(101, 3),
(102, 1),
(102, 2),
(102, 3),
(102, 4),
(102, 5),
(102, 6),
(102, 7),
(102, 8),
(102, 9),
(102, 10),
(102, 11),
(102, 12),
(102, 13),
(102, 14),
(102, 15),
(102, 16),
(102, 17),
(102, 18),
(102, 19),
(102, 20),
(102, 21),
(102, 22),
(102, 23),
(102, 24),
(103, 15),
(103, 1),
(103, 8),
(103, 5),
(103, 4),
(103, 2),
(103, 11),
(103, 12),
(103, 9),
(103, 6),
(103, 3),
(103, 13),
(103, 7),
(104, 1),
(104, 7),
(104, 9),
(104, 11),
(104, 4),
(104, 6),
(104, 5),
(104, 3),
(104, 2),
(105, 1),
(105, 5),
(105, 8),
(105, 4),
(105, 7),
(105, 2),
(105, 12),
(105, 6),
(105, 3),
(106, 1),
(106, 5),
(106, 4),
(106, 7),
(106, 2),
(106, 11),
(106, 13),
(107, 1),
(107, 4),
(107, 5),
(107, 8),
(107, 7),
(107, 11),
(107, 6),
(107, 3),
(107, 2),
(107, 12),
(108, 1),
(108, 5),
(108, 8),
(108, 4),
(108, 7),
(108, 9),
(108, 6),
(108, 3),
(109, 1),
(110, 15),
(110, 1),
(110, 5),
(110, 4),
(110, 2),
(110, 6),
(110, 3),
(110, 13),
(110, 11),
(110, 16),
(110, 14),
(110, 17),
(111, 1),
(111, 2),
(111, 3),
(111, 7),
(111, 11),
(111, 13),
(112, 15),
(112, 1),
(112, 3),
(112, 10),
(112, 4),
(112, 7),
(112, 2),
(112, 11),
(113, 1),
(113, 2),
(113, 3),
(113, 4),
(113, 5),
(113, 6),
(113, 7),
(113, 8),
(113, 9),
(113, 10),
(113, 11),
(113, 12),
(113, 13),
(113, 14),
(113, 15),
(113, 16),
(113, 17),
(113, 18),
(113, 19),
(113, 20),
(113, 21),
(113, 22),
(113, 23),
(113, 24),
(114, 1),
(114, 7),
(114, 9),
(114, 11),
(114, 4),
(114, 6),
(114, 5),
(114, 3),
(114, 11),
(115, 1),
(116, 1),
(116, 2),
(116, 3),
(116, 6),
(116, 10),
(117, 15),
(117, 1),
(117, 9),
(117, 6),
(117, 4),
(117, 21),
(117, 7),
(117, 3),
(117, 5),
(117, 2),
(117, 8),
(117, 10),
(117, 16),
(117, 12),
(118, 1),
(118, 5),
(118, 8),
(118, 7),
(118, 4),
(118, 2),
(118, 11),
(118, 6),
(118, 3),
(118, 10),
(118, 12),
(118, 9),
(119, 1),
(119, 5),
(119, 4),
(119, 7),
(119, 2),
(119, 12),
(119, 9),
(119, 6),
(119, 3),
(119, 8),
(119, 11),
(120, 1),
(120, 5),
(120, 8),
(120, 4),
(120, 7),
(120, 3),
(120, 10),
(120, 11),
(120, 2),
(120, 9),
(120, 6),
(120, 16),
(121, 1),
(121, 2),
(122, 1),
(122, 5),
(122, 4),
(122, 7),
(122, 2),
(122, 9),
(122, 6),
(122, 3),
(122, 10),
(122, 11),
(123, 1),
(123, 7),
(123, 3),
(123, 2),
(123, 6),
(123, 5),
(123, 8),
(123, 4),
(123, 9),
(124, 1),
(125, 15),
(125, 1),
(125, 5),
(125, 8),
(125, 4),
(125, 7),
(125, 9),
(125, 2),
(125, 12),
(125, 13),
(125, 14),
(125, 6),
(125, 11),
(125, 17),
(125, 18),
(125, 24),
(126, 1),
(127, 1),
(127, 2),
(127, 3),
(128, 15),
(128, 1),
(128, 5),
(128, 8),
(128, 4),
(128, 7),
(128, 18),
(128, 2),
(128, 11),
(128, 12),
(128, 14),
(128, 13),
(128, 6),
(128, 3),
(128, 10),
(128, 9),
(129, 15),
(129, 1),
(129, 5),
(129, 8),
(129, 4),
(129, 7),
(129, 18),
(129, 2),
(129, 11),
(129, 9),
(129, 6),
(129, 3),
(129, 10),
(130, 1),
(130, 5),
(130, 8),
(130, 4),
(130, 7),
(130, 2),
(130, 6),
(130, 9),
(131, 1),
(131, 2),
(131, 3),
(131, 4),
(131, 5),
(131, 6),
(131, 7),
(131, 8),
(131, 9),
(131, 10),
(131, 11),
(131, 12),
(131, 13),
(131, 14),
(131, 15),
(131, 16),
(131, 17),
(131, 18),
(131, 19),
(131, 20),
(131, 21),
(131, 22),
(131, 23),
(131, 24),
(132, 1),
(132, 2),
(132, 3),
(132, 4),
(132, 5),
(132, 6),
(132, 7),
(132, 8),
(132, 9),
(132, 10),
(132, 11),
(132, 12),
(132, 13),
(132, 14),
(132, 15),
(132, 16),
(132, 17),
(132, 18),
(132, 19),
(132, 20),
(132, 21),
(132, 22),
(132, 23),
(132, 24),
(133, 1),
(133, 5),
(133, 8),
(133, 4),
(133, 7),
(133, 9),
(133, 6),
(133, 3),
(133, 10),
(133, 2),
(133, 11),
(134, 1),
(134, 2),
(134, 3),
(134, 4),
(134, 5),
(134, 6),
(134, 7),
(134, 8),
(134, 9),
(134, 10),
(134, 11),
(134, 12),
(134, 13),
(134, 14),
(134, 15),
(134, 16),
(134, 17),
(134, 18),
(134, 19),
(134, 20),
(134, 21),
(134, 22),
(134, 23),
(134, 24),
(135, 1),
(135, 2),
(135, 3),
(135, 4),
(135, 5),
(135, 6),
(135, 7),
(135, 8),
(135, 9),
(135, 10),
(135, 11),
(135, 12),
(135, 13),
(135, 14),
(135, 15),
(135, 16),
(135, 17),
(135, 18),
(135, 19),
(135, 20),
(135, 21),
(135, 22),
(135, 23),
(135, 24),
(136, 1),
(136, 5),
(136, 4),
(136, 7),
(136, 2),
(136, 11),
(136, 9),
(136, 6),
(136, 3),
(136, 8),
(136, 12),
(137, 1),
(138, 1),
(138, 5),
(138, 4),
(138, 7),
(138, 2),
(138, 11),
(138, 9),
(138, 6),
(138, 3),
(138, 10),
(139, 15),
(139, 1),
(139, 2),
(139, 5),
(139, 8),
(139, 4),
(139, 7),
(139, 9),
(139, 6),
(140, 1),
(140, 2),
(140, 3),
(140, 7),
(140, 3),
(140, 11),
(141, 1),
(142, 1),
(143, 1),
(143, 2),
(143, 11),
(143, 6),
(143, 3),
(143, 10),
(143, 13),
(143, 5),
(143, 4),
(144, 1),
(145, 1),
(145, 5),
(145, 4),
(145, 7),
(145, 6),
(145, 8),
(145, 3),
(145, 2),
(145, 11),
(145, 12),
(145, 14),
(145, 13),
(145, 16),
(145, 10),
(145, 23),
(146, 1),
(146, 3),
(146, 2),
(146, 10),
(147, 1),
(147, 5),
(147, 8),
(147, 4),
(147, 7),
(147, 11),
(147, 2),
(147, 9),
(147, 3),
(147, 10),
(148, 1),
(148, 17),
(149, 1),
(149, 5),
(149, 8),
(149, 4),
(149, 7),
(149, 2),
(149, 9),
(149, 6),
(149, 3),
(149, 10),
(150, 15),
(150, 1),
(150, 5),
(150, 4),
(150, 7),
(150, 6),
(150, 3),
(150, 2),
(150, 9),
(150, 12),
(150, 16),
(150, 8),
(150, 11),
(150, 10);

-- --------------------------------------------------------

--
-- Tablo için tablo yapısı `oyun_tur`
--

DROP TABLE IF EXISTS `oyun_tur`;
CREATE TABLE IF NOT EXISTS `oyun_tur` (
  `oyun_id` int NOT NULL,
  `tur_id` int NOT NULL,
  KEY `tur_id` (`tur_id`),
  KEY `oyun_id` (`oyun_id`,`tur_id`) USING BTREE
) ENGINE=InnoDB DEFAULT CHARSET=utf8mb3 COLLATE=utf8mb3_turkish_ci;

--
-- Tablo döküm verisi `oyun_tur`
--

INSERT INTO `oyun_tur` (`oyun_id`, `tur_id`) VALUES
(1, 1),
(1, 2),
(1, 4),
(1, 5),
(1, 6),
(1, 7),
(1, 11),
(1, 22),
(2, 2),
(2, 6),
(2, 8),
(2, 9),
(2, 11),
(3, 2),
(3, 4),
(3, 5),
(3, 8),
(3, 10),
(3, 11),
(4, 2),
(4, 4),
(4, 8),
(4, 10),
(4, 12),
(4, 14),
(4, 16),
(5, 2),
(5, 4),
(5, 5),
(5, 6),
(5, 7),
(5, 17),
(5, 18),
(5, 19),
(5, 22),
(6, 2),
(6, 5),
(6, 8),
(7, 2),
(7, 5),
(7, 8),
(7, 11),
(7, 16),
(7, 20),
(8, 2),
(8, 11),
(8, 22),
(8, 25),
(9, 2),
(9, 4),
(9, 5),
(9, 10),
(9, 16),
(9, 18),
(9, 21),
(10, 2),
(10, 6),
(10, 7),
(10, 8),
(10, 22),
(10, 24),
(11, 2),
(11, 6),
(11, 7),
(11, 8),
(11, 18),
(12, 2),
(12, 4),
(12, 5),
(12, 9),
(12, 11),
(12, 14),
(12, 23),
(13, 2),
(13, 4),
(13, 6),
(14, 2),
(14, 5),
(14, 13),
(14, 16),
(14, 23),
(15, 2),
(15, 5),
(15, 8),
(15, 11),
(15, 12),
(15, 14),
(15, 16),
(15, 20),
(16, 1),
(16, 3),
(16, 5),
(16, 7),
(16, 8),
(16, 16),
(16, 18),
(16, 19),
(17, 2),
(17, 5),
(17, 8),
(17, 14),
(17, 16),
(17, 20),
(17, 22),
(18, 2),
(18, 6),
(18, 7),
(18, 17),
(18, 18),
(18, 22),
(18, 25),
(19, 3),
(19, 8),
(19, 20),
(19, 22),
(19, 25),
(20, 5),
(20, 8),
(20, 11),
(20, 14),
(20, 16),
(20, 20),
(20, 23),
(21, 1),
(21, 2),
(21, 3),
(21, 5),
(21, 8),
(21, 11),
(21, 13),
(21, 14),
(22, 2),
(22, 8),
(22, 9),
(22, 22),
(22, 23),
(22, 25),
(23, 2),
(23, 4),
(23, 6),
(24, 2),
(24, 4),
(24, 5),
(24, 9),
(24, 23),
(25, 1),
(25, 2),
(25, 9),
(25, 14),
(25, 23),
(26, 1),
(26, 2),
(26, 7),
(26, 8),
(26, 9),
(26, 19),
(26, 22),
(27, 2),
(27, 4),
(27, 5),
(27, 9),
(27, 11),
(27, 14),
(28, 2),
(28, 5),
(28, 8),
(28, 10),
(28, 11),
(28, 12),
(28, 16),
(28, 20),
(29, 2),
(29, 14),
(29, 16),
(29, 23),
(30, 2),
(30, 4),
(30, 6),
(30, 14),
(30, 18),
(31, 4),
(31, 5),
(31, 9),
(31, 11),
(31, 14),
(32, 2),
(32, 4),
(32, 5),
(32, 6),
(32, 8),
(32, 10),
(32, 11),
(32, 14),
(33, 2),
(33, 6),
(33, 8),
(33, 14),
(33, 16),
(33, 20),
(33, 24),
(34, 1),
(34, 2),
(34, 3),
(34, 6),
(34, 7),
(34, 8),
(34, 17),
(34, 18),
(34, 19),
(34, 22),
(35, 1),
(35, 2),
(35, 3),
(35, 5),
(35, 6),
(35, 7),
(35, 11),
(35, 17),
(35, 18),
(35, 19),
(35, 22),
(36, 1),
(36, 2),
(36, 3),
(36, 9),
(36, 25),
(37, 2),
(37, 4),
(37, 6),
(37, 9),
(37, 11),
(37, 14),
(38, 2),
(38, 4),
(38, 5),
(38, 6),
(38, 8),
(38, 11),
(38, 14),
(38, 23),
(39, 2),
(39, 6),
(39, 8),
(40, 2),
(40, 5),
(40, 11),
(40, 16),
(40, 18),
(40, 23),
(41, 1),
(41, 2),
(41, 5),
(41, 6),
(41, 7),
(41, 16),
(41, 17),
(41, 18),
(41, 19),
(41, 22),
(42, 5),
(42, 8),
(42, 11),
(42, 14),
(42, 16),
(42, 20),
(43, 2),
(43, 14),
(44, 2),
(44, 3),
(44, 9),
(44, 14),
(44, 23),
(45, 2),
(45, 6),
(45, 7),
(45, 8),
(45, 18),
(45, 24),
(46, 2),
(46, 5),
(46, 8),
(46, 14),
(46, 16),
(46, 20),
(46, 22),
(46, 23),
(47, 2),
(47, 6),
(47, 7),
(48, 2),
(48, 6),
(48, 14),
(49, 1),
(49, 3),
(49, 5),
(49, 8),
(49, 11),
(49, 20),
(50, 2),
(50, 3),
(50, 5),
(50, 8),
(50, 16),
(50, 19),
(51, 2),
(51, 5),
(51, 8),
(51, 14),
(51, 20),
(51, 23),
(52, 1),
(52, 2),
(52, 3),
(52, 5),
(52, 8),
(52, 14),
(52, 16),
(52, 18),
(53, 2),
(53, 5),
(53, 6),
(53, 9),
(53, 11),
(53, 17),
(53, 18),
(54, 2),
(54, 5),
(54, 14),
(54, 23),
(55, 1),
(55, 2),
(55, 3),
(55, 5),
(55, 8),
(55, 16),
(55, 20),
(56, 1),
(56, 2),
(56, 3),
(56, 8),
(56, 9),
(56, 18),
(57, 1),
(57, 3),
(57, 6),
(57, 16),
(57, 18),
(57, 23),
(58, 1),
(58, 6),
(58, 7),
(58, 25),
(59, 1),
(59, 2),
(59, 3),
(59, 6),
(59, 7),
(59, 14),
(60, 2),
(60, 4),
(60, 6),
(60, 7),
(60, 8),
(61, 2),
(61, 4),
(61, 14),
(61, 18),
(61, 23),
(62, 2),
(62, 8),
(62, 9),
(62, 11),
(62, 24),
(63, 2),
(63, 5),
(63, 8),
(63, 11),
(63, 20),
(64, 2),
(64, 4),
(64, 5),
(64, 14),
(64, 18),
(65, 2),
(65, 6),
(65, 8),
(65, 14),
(65, 25),
(66, 2),
(66, 5),
(66, 6),
(66, 14),
(66, 20),
(66, 23),
(67, 5),
(67, 8),
(67, 11),
(67, 20),
(67, 23),
(68, 2),
(68, 9),
(68, 13),
(68, 16),
(69, 2),
(69, 6),
(70, 2),
(70, 5),
(70, 9),
(70, 14),
(70, 23),
(71, 2),
(71, 4),
(71, 5),
(71, 14),
(71, 20),
(71, 23),
(72, 2),
(72, 14),
(72, 20),
(72, 23),
(73, 2),
(73, 5),
(73, 14),
(73, 23),
(74, 2),
(74, 4),
(74, 5),
(74, 14),
(74, 18),
(74, 22),
(74, 23),
(75, 1),
(75, 2),
(75, 3),
(75, 5),
(75, 7),
(75, 8),
(75, 9),
(75, 10),
(75, 16),
(75, 18),
(75, 19),
(75, 22),
(76, 2),
(76, 4),
(76, 5),
(76, 8),
(76, 11),
(76, 14),
(76, 23),
(77, 2),
(77, 6),
(77, 7),
(77, 8),
(77, 24),
(78, 2),
(78, 6),
(78, 8),
(79, 2),
(79, 5),
(79, 9),
(79, 14),
(79, 23),
(80, 1),
(80, 2),
(80, 3),
(80, 8),
(80, 10),
(80, 11),
(80, 16),
(80, 19),
(81, 1),
(81, 3),
(81, 6),
(81, 7),
(81, 8),
(81, 22),
(82, 2),
(82, 6),
(82, 7),
(82, 8),
(82, 9),
(82, 19),
(82, 22),
(83, 2),
(83, 4),
(83, 5),
(83, 9),
(83, 11),
(83, 14),
(84, 1),
(84, 3),
(84, 5),
(84, 8),
(84, 11),
(84, 20),
(85, 2),
(85, 9),
(85, 14),
(85, 16),
(85, 23),
(86, 2),
(86, 5),
(86, 14),
(87, 2),
(87, 14),
(87, 23),
(88, 2),
(88, 8),
(88, 14),
(88, 22),
(89, 2),
(89, 5),
(89, 14),
(90, 2),
(90, 6),
(90, 7),
(90, 17),
(90, 18),
(90, 23),
(91, 2),
(91, 5),
(91, 6),
(91, 14),
(92, 1),
(92, 2),
(92, 3),
(92, 5),
(92, 9),
(92, 14),
(92, 23),
(93, 2),
(93, 5),
(93, 6),
(93, 14),
(94, 2),
(94, 5),
(94, 6),
(94, 10),
(94, 17),
(94, 18),
(94, 19),
(94, 21),
(95, 2),
(95, 5),
(95, 9),
(95, 14),
(96, 2),
(96, 5),
(96, 6),
(96, 14),
(97, 2),
(97, 4),
(97, 5),
(97, 9),
(97, 14),
(97, 23),
(97, 25),
(98, 1),
(98, 2),
(98, 3),
(98, 5),
(98, 8),
(98, 10),
(98, 11),
(98, 16),
(98, 25),
(99, 2),
(99, 6),
(99, 7),
(99, 17),
(99, 25),
(100, 2),
(100, 8),
(100, 16),
(100, 18),
(100, 19),
(100, 23),
(100, 25),
(101, 2),
(101, 8),
(101, 17),
(101, 18),
(101, 19),
(102, 2),
(102, 6),
(102, 7),
(102, 22),
(103, 2),
(103, 6),
(103, 8),
(103, 9),
(103, 14),
(103, 22),
(103, 23),
(104, 2),
(104, 4),
(104, 6),
(104, 7),
(104, 17),
(104, 19),
(104, 22),
(105, 1),
(105, 2),
(105, 6),
(105, 7),
(105, 8),
(105, 22),
(105, 23),
(106, 1),
(106, 2),
(106, 8),
(106, 13),
(106, 16),
(107, 2),
(107, 8),
(107, 16),
(107, 18),
(107, 19),
(107, 25),
(108, 2),
(108, 8),
(108, 9),
(108, 14),
(108, 19),
(108, 23),
(109, 2),
(109, 4),
(109, 5),
(109, 6),
(109, 14),
(109, 18),
(109, 23),
(110, 2),
(110, 5),
(110, 6),
(110, 7),
(110, 16),
(110, 23),
(111, 2),
(111, 5),
(111, 6),
(111, 9),
(111, 14),
(112, 2),
(112, 4),
(112, 5),
(112, 8),
(112, 11),
(112, 16),
(112, 20),
(113, 1),
(113, 2),
(113, 8),
(113, 9),
(113, 14),
(113, 24),
(114, 2),
(114, 4),
(114, 6),
(114, 7),
(114, 17),
(114, 18),
(114, 19),
(114, 22),
(115, 2),
(115, 4),
(115, 5),
(115, 8),
(115, 10),
(115, 11),
(115, 16),
(115, 25),
(116, 2),
(116, 9),
(116, 14),
(117, 1),
(117, 2),
(117, 8),
(117, 14),
(117, 16),
(117, 18),
(117, 20),
(117, 23),
(117, 24),
(118, 2),
(118, 4),
(118, 6),
(118, 9),
(118, 14),
(118, 19),
(118, 22),
(119, 2),
(119, 6),
(119, 9),
(119, 14),
(119, 23),
(120, 1),
(120, 3),
(120, 5),
(120, 8),
(121, 1),
(121, 2),
(121, 5),
(121, 8),
(121, 11),
(121, 20),
(122, 2),
(122, 4),
(122, 5),
(122, 8),
(122, 16),
(122, 18),
(122, 21),
(123, 2),
(123, 6),
(123, 7),
(123, 16),
(123, 18),
(123, 22),
(124, 2),
(124, 6),
(124, 14),
(125, 2),
(125, 6),
(125, 7),
(125, 18),
(125, 22),
(125, 23),
(126, 1),
(126, 2),
(126, 3),
(126, 4),
(126, 5),
(126, 8),
(126, 10),
(126, 11),
(126, 16),
(127, 2),
(127, 4),
(127, 5),
(127, 6),
(127, 9),
(127, 16),
(128, 2),
(128, 8),
(128, 13),
(128, 14),
(129, 2),
(129, 6),
(129, 10),
(129, 17),
(129, 18),
(129, 23),
(129, 25),
(130, 2),
(130, 5),
(130, 8),
(130, 14),
(130, 16),
(130, 20),
(130, 22),
(130, 23),
(131, 2),
(131, 5),
(131, 6),
(131, 7),
(131, 17),
(131, 18),
(131, 22),
(131, 23),
(132, 1),
(132, 2),
(132, 8),
(132, 10),
(132, 16),
(132, 24),
(133, 3),
(133, 6),
(133, 14),
(133, 17),
(133, 20),
(134, 2),
(134, 5),
(134, 23),
(135, 2),
(135, 5),
(135, 6),
(135, 16),
(135, 17),
(135, 18),
(135, 23),
(136, 4),
(136, 5),
(136, 7),
(136, 8),
(136, 10),
(136, 11),
(136, 16),
(136, 20),
(136, 22),
(137, 2),
(137, 3),
(137, 6),
(137, 9),
(137, 16),
(137, 18),
(137, 19),
(137, 23),
(138, 1),
(138, 2),
(138, 5),
(138, 8),
(138, 20),
(139, 2),
(139, 5),
(139, 8),
(139, 10),
(139, 16),
(139, 20),
(140, 2),
(140, 5),
(140, 9),
(140, 11),
(140, 14),
(140, 19),
(140, 23),
(141, 2),
(141, 6),
(141, 8),
(141, 16),
(141, 22),
(142, 1),
(142, 3),
(142, 18),
(143, 2),
(143, 5),
(143, 14),
(143, 22),
(143, 23),
(144, 2),
(144, 6),
(144, 9),
(144, 14),
(145, 1),
(145, 3),
(145, 6),
(145, 7),
(145, 8),
(145, 20),
(145, 22),
(145, 23),
(146, 2),
(146, 4),
(146, 5),
(146, 14),
(146, 23),
(147, 5),
(147, 6),
(147, 11),
(147, 17),
(147, 18),
(148, 2),
(148, 8),
(148, 9),
(148, 24),
(149, 1),
(149, 3),
(149, 5),
(149, 8),
(150, 2),
(150, 3),
(150, 7),
(150, 8),
(150, 16),
(150, 17),
(150, 19),
(150, 22),
(150, 25);

-- --------------------------------------------------------

--
-- Tablo için tablo yapısı `turler`
--

DROP TABLE IF EXISTS `turler`;
CREATE TABLE IF NOT EXISTS `turler` (
  `tur_id` int NOT NULL,
  `tur_ad` varchar(255) COLLATE utf8mb3_turkish_ci NOT NULL,
  PRIMARY KEY (`tur_id`)
) ENGINE=InnoDB DEFAULT CHARSET=utf8mb3 COLLATE=utf8mb3_turkish_ci;

--
-- Tablo döküm verisi `turler`
--

INSERT INTO `turler` (`tur_id`, `tur_ad`) VALUES
(1, 'çok oyunculu'),
(2, 'tek oyunculu'),
(3, 'eşli oyun'),
(4, 'ryo'),
(5, '2d'),
(6, 'simülatör'),
(7, 'sandbox'),
(8, 'aksiyon'),
(9, 'korku'),
(10, 'rogue-like'),
(11, 'piksel grafik'),
(12, 'hack and slash'),
(13, 'ritim'),
(14, 'zengin hikaye'),
(15, 'izometrik'),
(16, 'zor'),
(17, 'şehir kurma'),
(18, 'strateji'),
(19, 'hayatta kalma'),
(20, 'platform'),
(21, 'kart oyunu'),
(22, 'açık dünya'),
(23, 'bulmaca'),
(24, 'fps'),
(25, 'üçüncü şahıs');

--
-- Dökümü yapılmış tablolar için kısıtlamalar
--

--
-- Tablo kısıtlamaları `oyun_dil`
--
ALTER TABLE `oyun_dil`
  ADD CONSTRAINT `oyun_dil_ibfk_2` FOREIGN KEY (`dil_id`) REFERENCES `dil` (`dil_id`);

--
-- Tablo kısıtlamaları `oyun_tur`
--
ALTER TABLE `oyun_tur`
  ADD CONSTRAINT `oyun_tur_ibfk_2` FOREIGN KEY (`tur_id`) REFERENCES `turler` (`tur_id`);
COMMIT;

/*!40101 SET CHARACTER_SET_CLIENT=@OLD_CHARACTER_SET_CLIENT */;
/*!40101 SET CHARACTER_SET_RESULTS=@OLD_CHARACTER_SET_RESULTS */;
/*!40101 SET COLLATION_CONNECTION=@OLD_COLLATION_CONNECTION */;
